{"@module": "pymatgen.core.structure", "@class": "Structure", "charge": null, "lattice": {"matrix": [[0.0, 2.725135, 2.725135], [2.725135, 0.0, 2.725135], [2.725135, 2.725135, 0.0]], "a": 3.853922876297604, "b": 3.853922876297604, "c": 3.853922876297604, "alpha": 59.99999999999999, "beta": 59.99999999999999, "gamma": 59.99999999999999, "volume": 40.475671304233664}, "sites": [{"species": [{"element": "Zn", "occu": 1}], "abc": [0.0, 0.0, 0.0], "xyz": [0.0, 0.0, 0.0], "label": "Zn", "properties": {"magmom": 0.0}}, {"species": [{"element": "S", "occu": 1}], "abc": [0.25, 0.25, 0.25], "xyz": [1.3625675, 1.3625675, 1.3625675], "label": "S", "properties": {"magmom": -0.0}}], "@version": "2020.6.8"}
