{"@module": "pymatgen.core.structure", "@class": "Structure", "charge": null, "lattice": {"matrix": [[0.0, 2.598629, 2.598629], [2.598629, 0.0, 2.598629], [2.598629, 2.598629, 0.0]], "a": 3.6750163753760337, "b": 3.6750163753760337, "c": 3.6750163753760337, "alpha": 60.00000000000001, "beta": 60.00000000000001, "gamma": 60.00000000000001, "volume": 35.09642155724562}, "sites": [{"species": [{"element": "Cu", "occu": 1}], "abc": [0.25, 0.25, 0.25], "xyz": [1.2993145, 1.2993145, 1.2993145], "label": "Cu", "properties": {"magmom": -0.001}}, {"species": [{"element": "S", "occu": 1}], "abc": [0.0, 0.0, 0.0], "xyz": [0.0, 0.0, 0.0], "label": "S", "properties": {"magmom": -0.0}}], "@version": "2020.6.8"}
