{"H": 0.0014, "He": 8e-09, "Li": 2e-05, "Be": 2.8e-06, "B": 1e-05, "C": 0.0002, "N": 1.9e-05, "O": 0.461, "F": 0.000585, "Ne": 5e-09, "Na": 0.0236, "Mg": 0.0233, "Al": 0.0823, "Si": 0.282, "P": 0.00105, "S": 0.00035, "Cl": 0.000145, "Ar": 3.5e-06, "K": 0.0209, "Ca": 0.0415, "Sc": 2.2e-05, "Ti": 0.00565, "V": 0.00012, "Cr": 0.000102, "Mn": 0.00095, "Fe": 0.0563, "Co": 2.5e-05, "Ni": 8.4e-05, "Cu": 6e-05, "Zn": 7e-05, "Ga": 1.9e-05, "Ge": 1.5e-06, "As": 1.8e-06, "Se": 5e-08, "Br": 2.4e-06, "Kr": 1e-10, "Rb": 9e-05, "Sr": 0.00037, "Y": 3.3e-05, "Zr": 0.000165, "Nb": 2e-05, "Mo": 1.2e-06, "Tc": 0, "Ru": 1e-09, "Rh": 1e-09, "Pd": 1.5e-08, "Ag": 7.5e-08, "Cd": 1.5e-07, "In": 2.5e-07, "Sn": 2.3e-06, "Sb": 2e-07, "Te": 1e-09, "I": 4.5e-07, "Xe": 3e-11, "Cs": 3e-06, "Ba": 0.000425, "La": 3.9e-05, "Ce": 6.65e-05, "Pr": 9.2e-06, "Nd": 4.15e-05, "Pm": 0, "Sm": 7.05e-06, "Eu": 2e-06, "Gd": 6.2e-06, "Tb": 1.2e-06, "Dy": 5.2e-06, "Ho": 1.3e-06, "Er": 3.5e-06, "Tm": 5.2e-07, "Yb": 3.2e-06, "Lu": 8e-07, "Hf": 3e-06, "Ta": 2e-06, "W": 1.25e-06, "Re": 7e-10, "Os": 1.5e-09, "Ir": 1e-09, "Pt": 5e-09, "Au": 4e-09, "Hg": 8.5e-08, "Tl": 8.5e-07, "Pb": 1.4e-05, "Bi": 8.5e-09, "Po": 2e-16, "At": 0, "Rn": 4e-19, "Fr": 0, "Ra": 9e-13, "Ac": 5.5e-16, "Th": 9.6e-06, "Pa": 1.4e-12, "U": 2.7e-06, "Np": 0, "Pu": 0}
